,ID,Is_Churn
0,55480787,1
1,9aededf2,0
2,a5034a09,0
3,b3256702,0
4,dc28adb5,0
5,5aee459a,1
6,3e83f7ea,1
7,ed4dfbd0,0
8,3911bea6,1
9,e04eff55,0
10,b62a943c,0
11,d499c6ec,0
12,c5d30bb4,0
13,3b19437b,0
14,a860111a,1
15,1ae50fc2,0
16,281a10a0,0
17,563b04e8,0
18,7e6cf810,0
19,7cc25f3f,1
20,aa04e6bb,0
21,01e998e2,0
22,5262cdc0,0
23,44d25d82,1
24,048f1640,0
25,b5ff85a7,0
26,a74523eb,0
27,bf45935f,1
28,69d6a36a,1
29,7eb7aeb6,1
30,b3723c9b,0
31,dc40ea28,1
32,91ef0414,1
33,3ac65d73,0
34,eb13cf48,0
35,338cc540,0
36,49fde12e,0
37,97daea88,0
38,a4b4ec5a,1
39,5f3b8fd8,0
40,45e6bace,0
41,742ab9ff,0
42,cc0f4f2e,1
43,c01e78e2,0
44,680d7d9b,0
45,a58d3300,1
46,35069eef,0
47,570bdf6e,1
48,e3341678,1
49,3eae1a7f,0
50,b7a4443e,1
51,78761714,0
52,5cc25e6b,0
53,36ccaeb2,1
54,a926dd29,1
55,2a26ead3,0
56,871d793a,0
57,a63a4e2a,1
58,78316037,0
59,c5fbf1e4,1
60,b0a93cd1,0
61,cdaffc4c,0
62,77fd0cb3,0
63,5b95d186,0
64,ddc9cdff,0
65,60ccfec4,0
66,b00b938a,0
67,ddb828a1,0
68,07659c28,1
69,10ac8f97,1
70,00ae893e,1
71,e897d5d7,1
72,5df7316e,0
73,9d1e4c98,0
74,f70ccc5c,1
75,dc9aff81,1
76,e1f3ed67,0
77,4db28015,1
78,ecbed9bd,1
79,28fb4d18,1
80,15f59e38,1
81,32069de4,0
82,fbabae0d,1
83,85bcd1eb,0
84,53056dd0,1
85,46e79647,0
86,ebf0b4d3,1
87,122d902b,0
88,8f9d4e4c,0
89,7faf8697,0
90,fd5c422b,0
91,cb244803,1
92,c2cbdf33,1
93,a2ecc1c3,0
94,442dcfd4,0
95,ab7748c0,1
96,a6b1fca6,1
97,d19105ad,0
98,703ec965,0
99,c73a5950,1
100,c4ee9d86,0
101,a75ced68,1
102,bbbc264d,0
103,f7864845,1
104,768110cb,0
105,fbc17cae,0
106,7bcd84fb,0
107,997816ab,0
108,66fa57b7,0
109,bba2d3fb,1
110,00bcf12d,0
111,83d4a9ec,1
112,9dfcf46a,0
113,732b9b2d,0
114,6d02a241,0
115,ae9cacea,0
116,c67e9bc4,1
117,6866f4cd,1
118,1c0bb452,0
119,e961e67a,0
120,92dac76e,0
121,98993390,1
122,1d69dbb7,1
123,1ce25bae,0
124,d86b4268,0
125,33010d65,0
126,45bde3e4,1
127,7d09a529,0
128,60da5057,0
129,d9bafa5b,1
130,d5c58e4a,0
131,531e5784,1
132,b7cf078e,0
133,531c6124,1
134,4820fd2d,1
135,44eff957,0
136,42837f1c,1
137,da0000c0,1
138,bffd2ccb,1
139,a86bbd79,0
140,399a8a8b,1
141,6eed985d,1
142,da1f1a5a,0
143,9a99b791,1
144,5f352bfc,0
145,b58359ee,1
146,d7acac75,1
147,4c2d7683,0
148,f7b7203b,0
149,13f6a5aa,0
150,36ef9f25,1
151,dc3aa431,1
152,99cd9ecd,0
153,41eb9416,1
154,c9a7f79d,0
155,1a200ccb,1
156,8a13b1e3,0
157,a860509e,0
158,77201a8b,1
159,cfa5064a,0
160,00425d7c,0
161,8f1b4d90,0
162,8c6f7212,1
163,1ab5847b,1
164,b5c7b886,1
165,979a34f5,0
166,07c09e4a,0
167,a5d27ef9,0
168,a0cbf5aa,1
169,7e540bf7,1
170,30d9caaa,1
171,f112523a,0
172,fd4863f9,1
173,1dd25f1e,0
174,ed286473,0
175,b2eaa56f,0
176,394fe42d,0
177,efb0bf8c,0
178,89daefe9,1
179,18bca543,0
180,6ff78f0f,0
181,fda001c3,0
182,678d2402,1
183,74621fa3,0
184,06d8c1dc,0
185,983bf019,1
186,03cb62aa,0
187,794d0916,0
188,53b567a7,0
189,f0b31acc,0
190,856bf9ea,1
191,e04fa5f5,0
192,3d98a593,0
193,d2157ee3,0
194,38de13e7,0
195,13bd6538,0
196,f86cfa0d,1
197,908c2a29,0
198,3e35d6f3,1
199,07279679,0
200,ff031fc0,0
201,32355db1,0
202,956c775c,0
203,bf16ab7e,1
204,b1b6decb,0
205,984f2294,1
206,f6b3bd31,1
207,3f2299b6,0
208,bf5f3a8c,0
209,4f0001a0,0
210,5fcdc4c6,1
211,6c3628a8,1
212,55069720,0
213,7d366b8a,1
214,395ff2d1,1
215,c8673bcc,0
216,a4781b92,0
217,8030168f,1
218,67522b87,0
219,fd27d20d,0
220,3cbeba17,1
221,bc708164,0
222,2692391a,1
223,8699ff93,1
224,afa16069,1
225,ccd814f3,0
226,bb4fe051,1
227,02c75bc4,1
228,a3601219,0
229,dd4bc514,0
230,8736d45f,0
231,fc769e68,1
232,4a104456,0
233,cf3b5060,1
234,04186d5f,1
235,540a84f1,0
236,36709660,0
237,d678b20e,1
238,5a0500c5,0
239,322e2439,0
240,740e6798,0
241,22abb327,1
242,b0263332,1
243,47ca10de,0
244,e25aad41,1
245,a9161175,0
246,314c6a82,0
247,bf6ae417,0
248,1b2213f5,0
249,c406b87f,1
250,a113b192,1
251,8755840f,0
252,2a9d4d81,1
253,e2efde5d,0
254,ab89b83b,0
255,f9191e99,0
256,0715af2e,1
257,f2cc8b2b,0
258,4cbd9368,0
259,5d11504c,1
260,b39a4cc3,0
261,5443d368,0
262,5a7dc136,0
263,92a28d2c,0
264,07a96e22,0
265,695f113c,0
266,f3b6f709,1
267,3de03783,0
268,627a6c92,0
269,0ac47e53,1
270,b20def6b,0
271,1128e3ee,0
272,beaa6c1b,0
273,2b14bf22,1
274,21dd65a0,0
275,0db7bdfc,1
276,d48c76b2,0
277,29bdba0b,1
278,53c578d3,0
279,43ad497e,1
280,cde8b1fa,0
281,81eec554,1
282,059e074d,0
283,da1922cf,0
284,980e04fe,0
285,5a534964,0
286,ddcd0f91,0
287,8a4cebe0,0
288,ef0bfb56,0
289,a163457d,0
290,28f944fb,0
291,bbc9778c,0
292,85179dbb,0
293,14e048d6,0
294,68195070,1
295,c130a49b,1
296,8d7b6ebe,0
297,d63c06ef,0
298,5f661ce4,1
299,99911292,0
300,0d98108b,0
301,12aaf8ee,0
302,da7479f3,0
303,f9213316,0
304,03b6b6c8,0
305,338b9f10,1
306,0f31daf7,0
307,232301fa,0
308,1d913e32,1
309,f1fce970,0
310,35be5ffa,0
311,6e86b90e,1
312,a0372749,1
313,dff8340c,1
314,4f7a67fa,0
315,0b0506d0,0
316,9e07e4db,0
317,9519a04b,0
318,11c1451d,1
319,8b999a19,0
320,0492913c,1
321,34c37698,0
322,2b0859d2,0
323,95734772,1
324,97d58245,0
325,2bbfd30c,1
326,fc5546bb,1
327,9ce54cbf,0
328,ce9b452d,1
329,5c5bbeca,0
330,b92ff528,0
331,e147dc0f,0
332,14634fea,1
333,f7550370,0
334,e6d16391,0
335,a056fb00,0
336,4692707d,0
337,9708e1a4,1
338,3c8884ad,1
339,70067125,0
340,3996afd4,1
341,b8654f10,0
342,bf3f68d3,0
343,d3c8bea3,0
344,1da2c5c9,1
345,7fe81e90,1
346,8331fd8b,0
347,fbb4113d,0
348,1c45330d,0
349,ef26e3da,0
350,920f7fa4,0
351,71f63015,1
352,02c80e84,0
353,b6104cc2,1
354,5404aad5,1
355,20d0b5b7,0
356,0a89e11e,0
357,292128c5,1
358,dc28f080,0
359,4acf899b,0
360,2a2d8ea0,1
361,3b4e4359,1
362,f7bf815b,1
363,49954913,1
364,5b976a28,1
365,d6ddd85f,0
366,ec2243e4,0
367,ba16f35e,0
368,1aa75c24,1
369,500aa6d1,0
370,aff01f11,0
371,b013f36b,0
372,e1ccf243,0
373,33a3f928,0
374,3d89daee,0
375,9f71dd86,1
376,008df99c,0
377,df6cb0c3,1
378,f0efe33d,0
379,7f298695,1
380,9db43d6b,0
381,07dbfcad,1
382,2b2e7a2f,0
383,d6d36788,0
384,928edfc2,0
385,3d67a318,0
386,0fd0a1d4,0
387,df5c19bf,0
388,fca5473e,0
389,8799bcb2,1
390,3bae00a0,0
391,7e568782,0
392,69684453,0
393,fe765d23,0
394,cba70261,1
395,16104f39,0
396,9016024e,1
397,d54b0712,0
398,323cd956,0
399,35ed30cf,0
400,5d56d0c2,0
401,b1fccc34,0
402,82134b54,0
403,8b645821,1
404,20b0f856,1
405,4325c742,0
406,e032c3f9,1
407,f5911709,0
408,de5dc3db,1
409,b1651623,0
410,72814460,0
411,efa69718,0
412,5e55bd6c,0
413,fdcfcf40,0
414,f392f2a8,0
415,d59259fe,0
416,f84f31be,1
417,64042c81,0
418,75a48df0,0
419,f16dd91a,0
420,c4bd5108,0
421,65fae6ea,0
422,f46136ac,0
423,be8393e1,1
424,d3d19846,0
425,8e6f56f6,1
426,81b34bae,0
427,5560c8e5,0
428,8101b81a,0
429,895cfc55,0
430,c733dc30,1
431,08f8ab9a,0
432,80429430,0
433,ae601d9f,0
434,559fd593,1
435,16952bb9,0
436,6ce4c04f,1
437,f0d2866e,0
438,5a28f65a,0
439,9a019bd0,0
440,9b7e94b7,0
441,e7ee38e1,1
442,e3698154,0
443,8b351355,1
444,1549b131,0
445,858ff6ba,1
446,b21dd1e0,0
447,c3e395d3,1
448,9073c91e,1
449,7f6c1418,0
450,ba7e1f90,0
451,98660c72,0
452,58633001,0
453,888511c9,0
454,34c0b76f,0
455,74b6d58f,0
456,436b6695,0
457,a95baa7d,0
458,4d415a32,0
459,a1bf9ecf,0
460,cebcfba8,1
461,12abf9f1,0
462,9c82d094,0
463,5ee64e7e,1
464,4e407a74,0
465,e2b1d455,0
466,95a75f40,0
467,6620bfb1,0
468,0c3833a3,1
469,877a9ceb,1
470,5a17852f,0
471,eed2c1df,1
472,676a6eff,0
473,5ce83a53,0
474,e898f054,0
475,9639b866,0
476,ee7d49ed,1
477,9c99104e,0
478,e3b2a1ae,0
479,1b0a7c78,0
480,ef68d3dc,0
481,012a24be,0
482,192ec775,0
483,a3bf4212,0
484,0bca562d,0
485,8c3f6050,1
486,36c72c04,0
487,7d1768d9,0
488,e290c3b5,1
489,da9f768c,0
490,1fc1c810,0
491,cf251c34,0
492,409542ff,0
493,6a603b34,1
494,cba23496,1
495,056baf3e,0
496,d3cd3857,0
497,327bd7b3,1
498,dc901131,1
499,ef831273,0
500,832a17cd,1
501,26682de5,0
502,6a832b3f,0
503,f5171b0c,0
504,7ee37aca,0
505,3dd61cf7,0
506,b18ae20f,0
507,a18f8b56,0
508,4b256c97,0
509,b2b0d416,0
510,6b81d78b,1
511,679e8d02,0
512,f33782ec,0
513,a0aa4977,0
514,06346b4b,1
515,abab48ef,0
516,83eec30b,0
517,7e6f1703,1
518,cd96d4b5,0
519,f4ef429d,0
520,1ac72c36,0
521,875626f6,1
522,ae9a62e4,0
523,4cfcfaeb,0
524,feb98159,1
525,500e58fb,1
526,df561afd,0
527,364e21b4,0
528,fafca939,0
529,24a77f09,0
530,280e95b1,1
531,54165f5a,1
532,51bdb32d,1
533,36e11a09,0
534,578b147a,0
535,8730bab6,0
536,ef323d63,0
537,53cea69d,1
538,4fc81cee,0
539,eac9fc93,1
540,3196554f,1
541,03f8a685,0
542,55a75d3b,0
543,740724fa,1
544,515eff74,0
545,8d9d148d,1
546,88c55669,0
547,230f7b0c,0
548,edda2f9c,1
549,0580e6de,0
550,8e836ec3,0
551,543af342,0
552,f068b334,0
553,42c08a82,0
554,fc169035,1
555,9d38c2e2,0
556,5fa96e30,0
557,b43f755e,0
558,e56ffe76,0
559,33377dc9,1
560,b6745229,1
561,2e877edc,1
562,4864585a,1
563,62bc5447,0
564,fbb8b7f5,0
565,2c09d863,0
566,ab172eb5,1
567,1d2dddb7,0
568,8716f944,0
569,cb3e59a6,0
570,501ff833,0
571,3f4e94c6,0
572,6a55f460,0
573,787ba782,1
574,45a74c6d,0
575,c309a53a,0
576,bd5b8c68,0
577,58708bf4,1
578,2ad98c9d,0
579,4d48667a,0
580,70e676e7,1
581,a215b66a,1
582,dd657db9,1
583,5b747793,0
584,0a2bcc83,0
585,0cd92c04,1
586,3148142d,0
587,07d406c9,0
588,acbd9724,0
589,e03fc200,1
590,971d7568,0
591,40a7822a,0
592,7a571265,0
593,50f5cfaf,0
594,0902735e,1
595,be0f5624,0
596,f5320c1c,0
597,18cfaed3,0
598,9fc3175e,0
599,03c6e607,0
600,9fe672f8,1
601,95a74f70,0
602,e643a811,0
603,4f57be54,0
604,f7b22baa,0
605,3aac9e2d,1
606,2505aee0,0
607,1e983def,0
608,431a082e,1
609,99818132,1
610,852188c7,1
611,e9a81ae3,0
612,2669d52f,0
613,16ed835b,0
614,ec16f766,0
615,4f443978,0
616,4ee7301f,0
617,97c5b9a3,0
618,a3c261ab,0
619,a36d363e,0
620,63734e86,0
621,754d4e20,0
622,dc718b60,0
623,9d1882ed,0
624,b5d91600,0
625,1ff95856,1
626,cb945d93,0
627,8823027c,0
628,fbee08b7,1
629,0b442086,1
630,dcfaf52c,1
631,af768331,1
632,2e5ffc56,0
633,e4bdf80c,0
634,2bccf5a5,1
635,43541907,0
636,43f46311,0
637,4dfafbd1,0
638,c3900d26,0
639,3842149a,0
640,5d47b64d,1
641,7754cc59,1
642,44a1dd46,1
643,4dc8a79b,1
644,d2b96206,1
645,0eb167e5,0
646,dcf0ea03,1
647,5f697594,0
648,49ecd0b4,0
649,e0c7dab5,0
650,da3864a2,0
651,b83355f1,0
652,d62c4822,0
653,147ea697,1
654,6ba34e8b,0
655,2807509e,0
656,70d43296,0
657,d930fe31,1
658,4da1c130,0
659,88681fe5,0
660,54189efb,0
661,449dbb12,1
662,48c37329,0
663,b7a0e383,0
664,4b931b8e,0
665,a1eda54b,0
666,e7d65bc1,0
667,86f6a38e,1
668,01848030,0
669,2d40ae2a,0
670,57a72e33,0
671,9f3673ff,0
672,15f1e4e2,0
673,98f23759,0
674,5bad5123,0
675,ddd7f062,0
676,34ae38f6,0
677,c0b85665,0
678,d8f6a745,0
679,e4b3de6a,0
680,8fb728b3,0
681,5d252397,0
682,570e57bb,1
683,0fef14a3,0
684,ae23ddc5,1
685,80ea9384,0
686,bf930873,0
687,5255e028,1
688,f12b9eb5,0
689,92164ea0,1
690,75b6d202,0
691,4d1e90aa,0
692,e11ec622,0
693,c68129ba,0
694,88e586b0,0
695,09a83fe0,1
696,b16ed8ec,0
697,99ede399,0
698,ac4fee9e,0
699,24072f4a,0
700,56d3e5e1,0
701,6fa851df,0
702,da2e36de,0
703,cee809bd,0
704,947f5d22,0
705,e063b7c5,0
706,07c632ed,0
707,e8ff9b78,0
708,4e34cfe0,1
709,db39211d,1
710,655ffeee,0
711,6e6bcb87,0
712,0bef46f8,0
713,70ce6258,0
714,7203dc88,0
715,3f1e48de,1
716,82e6d5cd,0
717,e6f8ce00,0
718,0c052ace,0
719,47def0a3,0
720,5a3c194c,1
721,7ea541aa,0
722,96bee1ca,0
723,85c9f43e,1
724,ebae3f65,1
725,87da1f9f,0
726,b97801a5,0
727,7e1162f1,0
728,d3d932de,0
729,59a4f0a6,0
730,e39c5112,1
731,833009f2,0
732,97f78567,0
733,588c6744,1
734,3d378eff,0
735,b4b32a8a,0
736,d48cfd0a,1
737,21e7e0fa,0
738,ceda89bc,0
739,2a8588cc,0
740,2ca98bd8,0
741,c3707840,1
742,e2fa9864,0
743,473cde7d,0
744,363b2fa9,0
745,7faaecd0,0
746,e33315e8,1
747,1d8badb6,0
748,33369b33,0
749,db733845,1
750,b8317ff7,1
751,07df5352,0
752,915945e7,1
753,52e40f1d,0
754,62ea3de1,0
755,f8aff47e,0
756,c7ecba0c,0
757,6702fe3a,0
758,904d4faf,0
759,316a3620,0
760,9dd40e10,0
761,1d468ee4,1
762,89d8a87d,0
763,6eaa5927,0
764,87ae1a2b,0
765,e8cd38da,0
766,6677c05b,0
767,2307cbc2,0
768,e763d613,1
769,e7001c50,0
770,b9306031,0
771,28768fe0,0
772,e95b54f1,1
773,02d7faa8,0
774,c1042be4,1
775,f1be6170,1
776,5bf21fea,0
777,72974cc3,0
778,64fee72e,0
779,996b7a17,0
780,4b712e47,0
781,0eb16446,0
782,2b0301cf,1
783,cedf0325,0
784,5454d6a4,0
785,111c60f7,0
786,5ae17160,0
787,f78d0dc2,0
788,3bcc38eb,0
789,d5ae74c3,1
790,957c2b3a,0
791,c5e0d644,0
792,602b1ff3,0
793,d49037bb,0
794,c1099a72,1
795,2df9ecff,0
796,a3a1dc7e,0
797,6f29aef0,1
798,ca70ce0f,0
799,54853e6f,0
800,64181025,0
801,3112e324,0
802,8a8d7e7f,1
803,8828301c,1
804,6b56d8c8,0
805,0325cbe7,0
806,e6884a14,1
807,d3aaa200,1
808,e7434118,1
809,3fd5ba00,1
810,42a440eb,0
811,39d4a697,0
812,7b0e45ee,1
813,2258deb8,1
814,58e2ef6e,0
815,23f9fa44,1
816,34c4fd76,0
817,8bbced0f,1
818,55ec5226,1
819,d4c351b9,1
820,c0578851,1
821,1a9bc965,0
822,8550f825,0
823,c2e7c752,0
824,9d28d480,0
825,0dfaa8d4,0
826,929c038c,1
827,7d0fac7c,0
828,bb5c612b,0
829,43333f62,0
830,a33c27dd,1
831,062f3ca8,0
832,a3711572,0
833,cdfded09,0
834,5dbae990,0
835,77f0cc8e,0
836,5a362809,0
837,7b724854,0
838,beef0c93,0
839,6b723403,0
840,88182d37,0
841,15bade0d,0
842,a2182a11,0
843,e2290d0a,0
844,c5ae4412,0
845,8e5dd4f8,1
846,ae0f4f7f,0
847,60ba8b45,1
848,5a87bfe2,0
849,81a9fabe,0
850,f1081560,0
851,c3681e22,1
852,e537de94,0
853,f1653091,1
854,5b99f7f9,0
855,ce8c5236,0
856,0d006a94,0
857,fc9ea6d5,0
858,856db8f6,0
859,80cdc278,0
860,140f3eee,0
861,34aaf8e1,0
862,21aa738d,0
863,9a02d701,1
864,da1aeb19,0
865,7b3e36c4,1
866,b7df151e,0
867,bd68c872,1
868,df15eb35,0
869,09c65468,0
870,45c83bfc,0
871,5ff5df6e,0
872,f53b077b,0
873,7435c84b,1
874,32ec4f97,1
875,ef5f6914,1
876,5304f1d1,0
877,9934f1e1,0
878,7f42e8dd,0
879,14ec7b67,0
880,70dfe792,1
881,09caf007,0
882,6ea73e7f,1
883,ece3741b,1
884,1608dcbe,1
885,317164a1,0
886,dfa26106,0
887,c6ff2b55,0
888,c581ab30,0
889,ed8f2162,1
890,170c3437,0
891,3024d246,1
892,68e7b167,1
893,adecddc1,0
894,50fa2b4f,1
895,475a2150,0
896,6f3c5be9,1
897,9f661a59,1
898,c830d911,0
899,299df8a6,1
900,6c0c6427,0
901,91c87868,1
902,22891af8,0
903,c9d3b0e5,1
904,c23332c7,1
905,9496e089,0
906,735c1952,0
907,313d2e9a,1
908,cadaf65c,0
909,87f77f1c,0
910,772b34c5,0
911,b4638450,0
912,3aa169e5,1
913,3d5d8765,0
914,02731edb,0
915,3c20df4e,0
916,7dfbceff,0
917,e0e28ece,0
918,fae3a658,1
919,8975d85d,0
920,49848ba8,1
921,e64921a3,0
922,c5a37c0e,1
923,de0264e5,1
924,44443e2b,0
925,a50d23a9,0
926,aa703bd8,0
927,5d74f923,0
928,824e5077,1
929,d7c6091a,0
930,29c07a0a,1
931,58c5db11,0
932,57186700,0
933,6060c5c9,0
934,1c03b111,0
935,10a171f9,1
936,4dd9abed,0
937,8594edb2,0
938,b4787c42,0
939,fdb95daf,0
940,e80426e4,1
941,811a08b3,1
942,89e860ce,0
943,55320b08,0
944,9728f278,0
945,6e559348,1
946,2152cc40,1
947,96a1c6d2,0
948,f7486220,1
949,6e34e164,0
950,b71b68c3,0
951,11d7280d,0
952,4f10be90,0
953,db5fbcbf,1
954,aa05669b,0
955,00f3c200,1
956,1f3e84d0,0
957,4360ecf2,0
958,fbfde74d,0
959,b887d4cd,1
960,549b531c,1
961,88dc0273,0
962,de7eb8bc,1
963,c726c2ba,1
964,3cde7d93,0
965,2f278dc7,1
966,ee47fc09,0
967,2cc81b19,0
968,4226250c,1
969,e7b70d62,0
970,a6bfe463,1
971,b4c5a268,0
972,ead68c24,1
973,c1e5eeef,0
974,fc251491,0
975,d468a4f8,0
976,5566ec45,0
977,1bf7877b,1
978,0d3c3553,0
979,bc0f3cb5,0
980,cbeb2f89,1
981,9edccf9f,0
982,d65f302e,0
983,900445b9,0
984,10fdaae4,0
985,3735270c,0
986,500fda8a,0
987,224e58b9,1
988,e1173cfb,0
989,12d6f347,1
990,ca157645,0
991,92eb97eb,1
992,782188d7,0
993,13f21546,0
994,fdce0d82,0
995,dce8c520,0
996,b4dfca34,0
997,95f4ccad,1
998,90c066ed,1
999,37f36903,1
1000,4143430d,1
1001,221dadec,0
1002,31f039f2,0
1003,f4fbeac5,0
1004,1727c96d,1
1005,b9909b09,0
1006,b53345dd,0
1007,21097902,0
1008,dfda324b,1
1009,5e7bcb09,0
1010,89eece1b,0
1011,e5cbf469,0
1012,dccf0a84,0
1013,6f5355f9,1
1014,f44111aa,1
1015,7f64634e,0
1016,34df305d,0
1017,24399b17,1
1018,af640f5f,0
1019,564813f5,0
1020,7dcbd55c,0
1021,2573046b,0
1022,3b9be43a,0
1023,259742d8,0
1024,c313d105,0
1025,fd4908fe,0
1026,3706daa1,0
1027,da849d1a,0
1028,7e9341f3,0
1029,6b691e36,0
1030,fab8dbf9,1
1031,16ce2042,0
1032,20571900,0
1033,1782f5fa,1
1034,74095522,0
1035,1ec36264,0
1036,29665b02,0
1037,db27f27a,0
1038,c1231a83,0
1039,43dc9cff,0
1040,7008f341,0
1041,82b70dec,0
1042,b6718983,1
1043,2f162f5e,1
1044,f1e035ee,0
1045,6fe3426f,1
1046,fb3ebfb9,0
1047,650bbadb,0
1048,7042efac,1
1049,8a300ee9,0
1050,be7203b6,0
1051,8a2116fd,0
1052,108c8394,0
1053,f6f27926,0
1054,e7d251a7,1
1055,4124da70,0
1056,30f1a4b9,0
1057,9e705cb7,1
1058,9cf01cb5,0
1059,1be03148,0
1060,3dffe3ee,1
1061,8a2aab5d,0
1062,497e5a11,0
1063,7f263dd6,0
1064,09e7de7c,0
1065,cc265f35,0
1066,f29f1861,0
1067,5a5ceac8,0
1068,75760b94,0
1069,cc4d719d,0
1070,2928bdfe,1
1071,b21f327b,0
1072,a05f8d9e,0
1073,0ef03e5e,1
1074,b2bea6cb,0
1075,1a5cf84d,0
1076,0d4d305c,1
1077,1211d535,0
1078,cda6571e,0
1079,bcc145af,0
1080,7611b580,0
1081,2906e838,0
1082,db2e5ec7,0
1083,5157279d,0
1084,32604178,0
1085,d3975297,0
1086,b90fe69a,0
1087,4463fc3f,0
1088,0b18e4bf,0
1089,0e3fc101,1
1090,ce627808,0
1091,89d4f4e8,1
1092,cf68395c,1
1093,e2052cf8,1
1094,a327a70a,0
1095,bb0bd7a1,1
1096,a7c298b4,1
1097,deb97f0d,1
1098,41c66f43,0
1099,6ec1eca7,1
1100,5a24e3c4,1
1101,0d92a6a6,0
1102,36f3c7f4,1
1103,55bdd1af,1
1104,647e8d5b,0
1105,13ec9f74,0
1106,f995b3f4,1
1107,9774e478,0
1108,f2f4608a,0
1109,772410aa,0
1110,1bd3737b,0
1111,56261198,0
1112,c15c8cde,0
1113,786d4be0,0
1114,bf81d21f,0
1115,c99c572a,1
1116,b7952485,0
1117,d9a5f5ec,0
1118,b9a81a1f,1
1119,efa3d61f,0
1120,55fbcb08,1
1121,8eaa2c48,0
1122,07b8032c,0
1123,78a40851,0
1124,534071b4,0
1125,4b9fc141,1
1126,43381aa1,1
1127,d0ea860f,0
1128,73f5d1f7,0
1129,e3f21215,0
1130,03483c26,0
1131,9ca05cea,0
1132,13e6d81c,0
1133,174a56ef,0
1134,ec134df7,0
1135,4246acd6,0
1136,fc331252,0
1137,380ba768,0
1138,83daf359,1
1139,6ae48644,0
1140,e7b438b2,0
1141,2a549d1e,1
1142,bc1d3606,1
1143,3fccca0a,0
1144,9ed42324,1
1145,87973537,0
1146,49f3a91f,1
1147,745b9d7e,1
1148,e0c76069,1
1149,6ae4b9de,1
1150,917fdafc,0
1151,94e095d7,0
1152,9abaff4e,0
1153,0ded3b7e,0
1154,ce09374a,0
1155,46952f68,1
1156,b21714f7,1
1157,9f42246a,0
1158,787718fc,0
1159,5c0b9fc0,1
1160,1fb4bf14,0
1161,ef453ab9,0
1162,9e0cfc94,1
1163,f2148bdc,0
1164,e5a984ec,0
1165,45d2af84,1
1166,c7c38558,1
1167,29370d9c,0
1168,0e7b3b92,0
1169,5eab4944,0
1170,7ba7fc65,0
1171,ae62ed7a,0
1172,48058e23,1
1173,221b6b7f,0
1174,f1409ab5,1
1175,ec09be30,1
1176,b3bfe7b2,0
1177,520e7adb,0
1178,b2c3ee5d,0
1179,88a2411c,0
1180,21c599a4,0
1181,dca04cf2,1
1182,b55db490,1
1183,c870c930,0
1184,59eb341d,0
1185,402d6678,0
1186,58118ad5,0
1187,243592db,0
1188,30140676,0
1189,c2e0a130,0
1190,56b45230,0
1191,034e478f,0
1192,b870b4e5,0
1193,a0986924,1
1194,20af8138,1
1195,0b25f5b0,0
1196,6e96dcbd,1
1197,ff514d19,1
1198,66a6647a,0
1199,8e502c63,0
1200,36014654,0
1201,5548df89,0
1202,542af5bb,1
1203,80529ef0,0
1204,27044db9,0
1205,109e6f47,1
1206,193644b1,1
1207,d821a174,1
1208,b3f91591,0
1209,74f12a14,1
1210,a1643f31,0
1211,a0bb575a,0
1212,96435c45,0
1213,d4c4d6e3,0
1214,49ec48ee,0
1215,da908f41,0
1216,1aecaf78,0
1217,78f751db,0
1218,ffacfbf7,0
1219,507508a9,1
1220,08a98724,0
1221,2634f1a4,0
1222,4249dd51,1
1223,479f3a7d,0
1224,93427ac7,0
1225,645a0d43,0
1226,2876189a,0
1227,3f46a297,0
1228,fdb15ee0,0
1229,0c090919,0
1230,af04bf82,0
1231,28e710fc,0
1232,900d688b,0
1233,44f4d45f,0
1234,1d31e7d4,0
1235,7f25f8ca,0
1236,99c4c594,0
1237,19302fb9,0
1238,ace2cebf,0
1239,64aeaa00,0
1240,d2562a87,0
1241,4890ce6a,1
1242,5add4dd4,1
1243,5380c8c0,0
1244,4621114e,0
1245,b7cdb719,1
1246,57229cfb,1
1247,b0a224dc,0
1248,b8a17144,0
1249,1d7b28a2,1
1250,d2e0eb7d,0
1251,466d0f7e,0
1252,5698f6f8,0
1253,6f0a849e,1
1254,0446c7a4,0
1255,3585303b,0
1256,1dc199b2,1
1257,e06dcf16,1
1258,06c82e6c,1
1259,d804c0fc,1
1260,5c57336c,0
1261,72390b95,1
1262,0f382e6e,0
1263,d392a858,0
1264,deced209,0
1265,7b9c8f93,0
1266,584e72b0,0
1267,83fd3aa5,0
1268,635f8d9b,1
1269,aba98c21,0
1270,228a53dc,1
1271,37d205c1,0
1272,bf1409ab,0
1273,60128948,0
1274,919c4a9a,1
1275,5af0d906,0
1276,9da8df97,0
1277,09f3c05e,1
1278,640ba45e,0
1279,8db25a9b,0
1280,69908117,0
1281,a9cf7ac9,1
1282,21a62487,0
1283,055a27d3,1
1284,5dc5d664,0
1285,94921e27,0
1286,7b5295f5,0
1287,2e1f92ea,0
1288,1f89a0c6,1
1289,2a955247,1
1290,d2fc521b,1
1291,b3dde06c,1
1292,ac6417a2,0
1293,c0292f78,0
1294,eacffa92,0
1295,7cb93f7b,0
1296,bc9c53c1,0
1297,7bf96524,0
1298,029a67e5,1
1299,f93f84e6,0
1300,dc45c1ed,0
1301,3357bd10,0
1302,c717c137,1
1303,2688bb00,0
1304,a6ab5f00,0
1305,99f787ca,1
1306,c007ce2c,0
1307,1241b9f8,0
1308,6a70ae38,1
1309,75c31f72,0
1310,57e0d3e8,0
1311,0c69e220,1
1312,7bc7ae23,0
1313,b2a6d05a,0
1314,1556acbf,0
1315,b48b654f,0
1316,0ee4f8ad,1
1317,4b3c85a3,0
1318,28f1dfea,1
1319,814f2e91,1
1320,d5c2aa99,0
1321,775933f7,1
1322,ab43d757,0
1323,25dd37b1,0
1324,e96ad744,1
1325,2c588bd1,0
1326,cf92576e,0
1327,dc50363c,0
1328,6ef91183,0
1329,a938bb71,1
1330,3061f029,0
1331,760d5821,0
1332,bd8bd5b7,0
1333,86ee0626,0
1334,3608c141,0
1335,d673b2f3,0
1336,e288be51,0
1337,2c695528,0
1338,2c999f60,1
1339,570969d7,1
1340,5f3a914a,0
1341,168a7c3b,1
1342,895ec721,1
1343,02bff56a,1
1344,dc20dfe2,0
1345,e24f5f9a,0
1346,afd43346,1
1347,382da4f8,1
1348,b331758f,0
1349,4a2ba31f,1
1350,303b4a65,0
1351,836f11bc,0
1352,d844a226,1
1353,2faccfaf,1
1354,05e2026f,1
1355,d1cfbff0,1
1356,115fb58a,0
1357,b655a293,0
1358,93bc677c,0
1359,dba7daee,1
1360,c7176d65,0
1361,21edfe9f,0
1362,d6a90ad9,1
1363,a054354e,0
1364,5f0ebe98,1
1365,ca6a8b53,0
1366,6b565838,0
1367,fd33d303,1
1368,f06d2a6d,0
1369,fb1b0ac6,0
1370,61991782,1
1371,aa74a173,1
1372,f327ee5a,0
1373,94e70dda,0
1374,fc5c9f64,0
1375,01ae2a89,1
1376,03215ab4,1
1377,9dee5cb4,0
1378,30447468,0
1379,8215143c,0
1380,57d81438,1
1381,4b55d138,0
1382,7782d429,1
1383,1349652a,0
1384,fd966f20,1
1385,97adc2c7,1
1386,dcbd06c7,1
1387,fb787141,0
1388,626bbf5e,0
1389,a7621fc5,0
1390,14dd672e,0
1391,2a7d8437,0
1392,4b2a291c,0
1393,37907f5c,1
1394,ed988b0d,0
1395,84a4441c,0
1396,b678d00e,1
1397,a3f4354e,0
1398,167e9736,0
1399,e35b0cbf,0
1400,83f9dfe9,0
1401,94592e5d,1
1402,ede9632b,0
1403,1b765233,0
1404,4cd8ca07,1
1405,f7ce7564,0
1406,0b6175a1,0
1407,2a622643,0
1408,9a827115,0
1409,34ef3f47,0
1410,65fb2ab9,0
1411,1159e2ad,1
1412,7ba5d51a,0
1413,0d08406c,0
1414,469c2525,0
1415,bfc026b8,1
1416,abfb8144,1
1417,4ac38249,0
1418,2ba988f7,1
1419,a8f6c5a3,1
1420,47e565b2,0
1421,b805b177,1
1422,bddca70c,0
1423,41de2bf7,0
1424,4eb92fe9,1
1425,d9bf332a,0
1426,074b1d75,0
1427,fe1b2bb6,0
1428,cac3d537,0
1429,a794842c,1
1430,1acec006,1
1431,2a909562,1
1432,4e22844f,0
1433,2982226e,1
1434,01b1d2d0,0
1435,29e911bf,1
1436,5bb13987,1
1437,dd130cf7,0
1438,c6cffd90,0
1439,b078a80d,1
1440,d8439bf4,1
1441,5bab1764,1
1442,53b6b266,1
1443,6ef7090c,0
1444,752ef108,1
1445,19d332f4,1
1446,058e6fd7,0
1447,a0548243,0
1448,d3c903ea,1
1449,9b25fe41,0
1450,f44d433d,0
1451,ba6bb95a,0
1452,d2342a30,0
1453,291a4bc1,1
1454,ee91183b,1
1455,d7862bd3,0
1456,3bf98790,1
1457,c1a20b17,0
1458,496dd975,0
1459,2879d4fe,0
1460,e4424244,0
1461,7365f26f,0
1462,89c41b64,1
1463,441bf67f,0
1464,c7629ca5,0
1465,e87a5965,0
1466,bf519258,0
1467,5aadc2e9,1
1468,debc7639,1
1469,1bcd4c64,1
1470,c6c51100,1
1471,e49b7968,0
1472,bf52e138,0
1473,fa7b443a,1
1474,36e7346c,0
1475,1d01ebb3,1
1476,54d7373a,0
1477,3cdf61f5,0
1478,3a60809c,0
1479,793e3533,1
1480,28bfc63a,0
1481,6bc7abad,0
1482,b155c1e8,1
1483,45c4f837,1
1484,b58db494,0
1485,33c7913b,0
1486,1d17715a,0
1487,a6a47c8d,0
1488,2770520b,0
1489,2b9d3be3,0
1490,1c685187,1
1491,56c0e066,0
1492,113ddaa7,1
1493,9870b613,1
1494,30a5253d,1
1495,ce831efd,0
1496,bf8dac41,0
1497,9a419985,0
1498,41e45b75,0
1499,d9ceaa8f,0
1500,45346bec,0
1501,094ea377,1
1502,073f6b05,1
1503,b2300d6e,1
1504,e6d00f22,0
1505,1a391f22,0
1506,9aee496e,1
1507,ded16e6c,0
1508,25b87f1f,0
1509,38d09552,0
1510,dbd647bc,0
1511,5acd55be,0
1512,2a84183c,0
1513,f01e6667,0
1514,e513e8df,1
1515,5b181c23,0
1516,477f9d3c,0
1517,5d130740,0
1518,3e5c86e4,0
1519,1acb5cb1,0
1520,8354f6e5,1
1521,43dba57e,1
1522,1b66e260,0
1523,4fcd3a49,0
1524,a4696514,1
1525,67fff4f7,1
1526,33e8a9f3,1
1527,8877bb02,0
1528,1755984c,1
1529,b48f3ee8,1
1530,86adf26f,0
1531,53a66d1e,1
1532,b12ac320,0
1533,6aa483ea,0
1534,38f100f0,0
1535,d198eaf7,0
1536,96630e2e,0
1537,d32243e1,0
1538,b9dee1a5,0
1539,999a6be8,0
1540,265d46d7,0
1541,f0366848,1
1542,e0d2468c,1
1543,3b82fdcf,0
1544,de336e00,0
1545,5da48a2d,0
1546,674c8931,0
1547,2b3cf547,0
1548,64b19545,0
1549,bb44e503,0
1550,8b9c4af2,0
1551,096f0fb0,0
1552,7b778652,0
1553,a3e2aebf,0
1554,9ba3a979,0
1555,5dd395b7,0
1556,981f06dc,0
1557,2f366286,1
1558,bb9e8eb7,0
1559,da9c252f,0
1560,a3893be6,0
1561,5b257372,1
1562,0389fba6,0
1563,808c3a5f,0
1564,4f7babd9,0
1565,f453abdb,0
1566,5ac9acd8,1
1567,d0658edf,0
1568,274c02d5,1
1569,58a6f874,1
1570,c6dc9223,1
1571,67fd26c4,1
1572,bc66ddf8,0
1573,667ee6d1,0
1574,083551ca,1
1575,af40f000,0
1576,7d2a4040,1
1577,e5356ff7,0
1578,824656e5,0
1579,66b79b8a,1
1580,19422b05,0
1581,b627344a,1
1582,74e79491,1
1583,a638dacc,0
1584,2f9c8e30,1
1585,ce93f8f1,0
1586,928d7d80,0
1587,c2e4c5e4,1
1588,2cd6f849,0
1589,a1512e71,0
1590,14530138,1
1591,8b16a41f,0
1592,e0ca4ecb,0
1593,0e40db01,0
1594,9a2961e3,0
1595,10848b4a,0
1596,0be9e41b,0
1597,d6b08236,0
1598,8580578a,0
1599,f713ced1,1
1600,578090ae,0
1601,f342f442,0
1602,41dfbe8e,0
1603,6579a9d4,1
1604,77404b2b,0
1605,868b5ab2,0
1606,3803c255,0
1607,61353c51,0
1608,7f7dbee1,0
1609,ada80c1f,0
1610,cc3c8820,0
1611,800c9623,1
1612,8869a50f,1
1613,780a9480,1
1614,8ec97691,1
1615,7034cda5,0
1616,e80d6880,0
1617,dac08d41,1
1618,ab175aff,0
1619,7708e03a,0
1620,7a6d5dc4,0
1621,1c24122d,0
1622,39fbd4bd,1
1623,7a56c1b5,0
1624,0cb79dd9,1
1625,e33f4df3,0
1626,0dee8b3e,1
1627,4c79b58e,1
1628,d1f5bea6,0
1629,54f25b36,0
1630,69cde067,0
1631,802d352a,0
1632,494291b3,0
1633,b2433835,0
1634,fc8323a3,0
1635,692791fc,0
1636,1e9fb054,0
1637,16c423e7,1
1638,8c38f0a6,0
1639,d897577a,0
1640,1a85f722,0
1641,d951b77b,0
1642,11c6c215,0
1643,cecfcf43,0
1644,ce808668,0
1645,5b4ea2d8,0
1646,ebed19fb,0
1647,d47b5ac3,1
1648,379b629d,0
1649,a11f3cf9,1
1650,783e22b9,0
1651,34b7f3c3,0
1652,434aa270,1
1653,2376c1dc,1
1654,d9fb7261,0
1655,395ee77f,0
1656,a58690d3,0
1657,5e711dad,0
1658,981ab877,0
1659,ff62303f,0
1660,49993050,0
1661,59c185fc,0
1662,56fc0f8b,0
1663,4322f8c8,0
1664,57d90415,0
1665,7c358f1a,0
1666,3931c73b,1
1667,62eeab3e,1
1668,7371f400,0
1669,1625e939,0
1670,9f9193e0,1
1671,6b004130,0
1672,28ed7361,0
1673,1311f8d9,0
1674,e9bd3f12,0
1675,63ce6cbb,0
1676,fc26c3d9,0
1677,6a47092b,0
1678,ddb3bb73,0
1679,c523bc1a,0
1680,0b7c15d9,1
1681,669d116c,1
1682,0abab6ec,0
1683,12097a01,0
1684,c092efe2,0
1685,f7d2adda,1
1686,3ec9709f,1
1687,b7e0e13e,0
1688,59ed03a5,0
1689,831cc95d,0
1690,3652a82d,0
1691,d33b1242,0
1692,9479db2d,0
1693,b9de7431,1
1694,ede4d20c,0
1695,70e2c963,0
1696,dbb08925,0
1697,8d6a398f,0
1698,af59c1eb,0
1699,d25b0f96,0
1700,fd3c5aa3,0
1701,9f72d50c,0
1702,10c80169,1
1703,9110b491,0
1704,a5c80154,1
1705,05d0107f,1
1706,9fd4e9ca,0
1707,63e6a610,1
1708,d91b17fc,0
1709,37a3e165,0
1710,89dc797d,0
1711,7e10f9b1,0
1712,2abbf550,1
1713,92cce1b4,0
1714,1734e5ad,0
1715,5fd5df53,0
1716,033b6146,0
1717,6b117669,1
1718,ef9d713a,0
1719,8bc01a90,1
1720,94f0958b,1
1721,894b8aab,0
1722,43f1f8dc,1
1723,6cc490ce,0
1724,b4f8fd04,1
1725,f66f84f7,0
1726,5ed4de9b,0
1727,5312c3d3,0
1728,9ccd6cd4,0
1729,60b2cc17,1
1730,4a734dfe,0
1731,9fef2c55,1
1732,caf99976,0
1733,4cbeba30,1
1734,a260c079,1
1735,d34d8f18,0
1736,2a59afc5,1
1737,2350524d,0
1738,6850b1fd,0
1739,b56dc557,0
1740,0fe330c1,0
1741,350c3881,1
1742,2385da1f,0
1743,92507d7d,0
1744,50e7bc67,0
1745,a9434ed6,0
1746,0aff7eae,0
1747,daafe320,0
1748,d6850386,1
1749,cc3daa12,0
1750,56429b02,0
1751,adba8078,0
1752,e0022650,0
1753,a435487d,1
1754,90731447,1
1755,bc167540,0
1756,58de1cbe,0
1757,2634e7cb,0
1758,ce10b4e7,0
1759,1588bf3f,1
1760,1ef07ac3,0
1761,37bdd01d,0
1762,dca55772,0
1763,902cd27b,0
1764,98e7d3a7,0
1765,3aa358aa,0
1766,2946914f,0
1767,0b7c5cb3,0
1768,4742b5c4,0
1769,9c0bcac4,1
1770,3d23a2e3,0
1771,4015fb46,0
1772,ce8fd851,0
1773,61e4f94a,0
1774,efe0a901,0
1775,1fc8f2be,0
1776,58152c54,0
1777,47b6ab8d,0
1778,0066a002,0
1779,54f57312,0
1780,51801c2c,1
1781,4f64f0d0,0
1782,88f3502f,0
1783,d3f7d180,1
1784,72f8ae06,0
1785,c3e6a720,0
1786,e6fcccfb,1
1787,1e9aa788,1
1788,6ef3f4fb,1
1789,9473187c,0
1790,787b7b4a,0
1791,6155fef1,0
1792,12af4301,0
1793,38ba3f4b,1
1794,6558a761,0
1795,fc605e44,0
1796,174aa953,1
1797,bcfe5308,0
1798,f75900cf,0
1799,3dcd845c,1
1800,ea7a9b3b,0
1801,3bc99271,0
1802,a566574f,1
1803,1e620e88,1
1804,89333613,0
1805,107ddbfa,0
1806,e3e2978c,0
1807,2ebdd20d,0
1808,6e1998e2,0
1809,580856cd,0
1810,91a477ff,0
1811,3fc9aa42,0
1812,d8acdd4e,1
1813,c94d30b1,0
1814,9e81d39f,0
1815,5b02d065,0
1816,b46a32a8,0
1817,6b25ce7b,0
1818,3116890b,0
1819,01b52b43,0
1820,f9114332,0
1821,be429386,1
1822,58affd39,0
1823,1f488321,0
1824,8049403a,0
1825,ffcb221c,0
1826,fab2798f,1
1827,ae47fe6d,1
1828,dfbbf05e,0
1829,d3116b0b,1
1830,421248a7,1
1831,49ba229f,1
1832,5b312b7b,0
1833,c3773d64,0
1834,2a474063,0
1835,2440b0d6,0
1836,b60f4b34,0
1837,ab85e7c5,0
1838,fab7b0f3,1
1839,418e04e2,0
1840,921f1b4e,1
1841,a0a57d37,0
1842,93f7ca5c,0
1843,929961c9,1
1844,5eb92669,0
1845,f6514dd1,0
1846,2c15e1bf,0
1847,44425395,0
1848,8dff7309,0
1849,a2894883,1
1850,c5e9fe05,1
1851,d441b353,1
1852,c0c7afb9,0
1853,51de93d9,1
1854,bd0c247a,0
1855,9193aa74,0
1856,12e839fb,0
1857,b9a49077,0
1858,0a3bab60,0
1859,fdcc7ef2,1
1860,bfb9affe,0
1861,5bcdfefe,0
1862,b1fee235,0
1863,492230a0,0
1864,86205ba4,0
1865,b08dff29,1
1866,cd7e691b,1
1867,df0496db,0
1868,877a7b4a,0
1869,da5d5bb5,0
1870,e8caad85,0
1871,d715678a,0
1872,b54406ce,0
1873,2cb361bd,0
1874,c15c15b6,0
1875,131fa9ad,0
1876,238eade6,0
1877,68468044,0
1878,e1123943,1
1879,be407566,0
1880,386ad49f,0
1881,a771becc,1
1882,102aa54c,0
1883,68775295,0
1884,06721261,0
1885,bab6f8ac,0
1886,0644c2a1,0
1887,3e6d91af,1
1888,c73626b5,0
1889,586ad648,1
1890,588f594a,0
1891,0089044a,1
1892,6ebbff0f,0
1893,b9853b33,0
1894,cbd67ccc,0
1895,09d2fc5f,0
1896,fe7a0bdd,0
1897,a32296b6,0
1898,97aed575,1
1899,e9095da3,0
1900,d24daec7,0
1901,d96f5412,1
1902,f2bcc9dd,0
1903,875355aa,1
1904,be4c6ea5,0
1905,41fcf4d3,0
1906,5846a49a,0
1907,66570b06,1
1908,0fef4093,1
1909,d9512f58,1
1910,a77129cd,0
1911,727c92e2,0
1912,d75bd49d,0
1913,fced170d,0
1914,02b10e72,0
1915,dd83b007,0
1916,daab621a,1
1917,0f46fe34,0
1918,3df17642,0
1919,49cd3efe,0
1920,007af9fc,1
1921,9d20ba67,0
1922,c6d0ca65,0
1923,7abb7fed,1
1924,80fefbde,1
1925,f60de7d0,1
1926,2539bdea,0
1927,0d211bfc,0
1928,381f7f62,1
1929,f032deef,1
1930,5a3c0e37,0
1931,4ce7b55d,0
1932,90558175,0
1933,041e1cdc,0
1934,6affaf32,0
1935,bef4c566,1
1936,da1297aa,0
1937,5239ab09,1
1938,a24b8a9c,0
1939,42d8263d,0
1940,20415298,0
1941,b427b90e,1
1942,88d0b996,0
1943,247ad7aa,0
1944,724af34d,0
1945,5d8a7af8,0
1946,b3bc9c0c,0
1947,cbba337f,0
1948,dda90d12,0
1949,34e4377b,1
1950,454de982,1
1951,e2ed6bc6,0
1952,21e11830,0
1953,2d237e5f,0
1954,4a3e40e5,0
1955,8da0e482,1
1956,18257657,0
1957,32750397,0
1958,27947979,0
1959,8c72ea10,0
1960,c7e3d962,0
1961,a3cdd61f,1
1962,4fa153b2,0
1963,9196be31,1
1964,a76fefdd,1
1965,4f6c1bd5,0
1966,46d4ddde,0
1967,3f584109,0
1968,d6fc9a7c,0
1969,e1fa5fbf,0
1970,5b18f19c,1
1971,1cc65826,0
1972,42ac38ce,0
1973,8facbeba,0
1974,281857b7,0
1975,de40acb1,0
1976,4b179daa,0
1977,594c15c8,0
1978,41695610,0
1979,71a1e73c,0
1980,4c7e3f15,0
1981,c5b1fbcb,0
1982,bc1cbbdf,1
1983,6273ec89,0
1984,e1dad0df,0
1985,4eecc4d0,0
1986,3f13f79f,0
1987,0d4f798f,1
1988,879b9ead,0
1989,80d9fc0c,0
1990,156eebd2,1
1991,c6841a7a,1
1992,100873c6,0
1993,dcc15114,0
1994,65872d4a,0
1995,ca318f56,1
1996,35e72469,0
1997,60f26a37,1
1998,c13ea3fb,0
1999,3ae5496e,1
2000,96b4de95,1
2001,4a311b91,1
2002,d748f491,0
2003,968eaddb,1
2004,03d92b3e,0
2005,d2075a2c,1
2006,1c97c064,0
2007,a22afb87,1
2008,92e2507f,0
2009,75a9bd7d,0
2010,229d7b6a,0
2011,69b6484a,0
2012,1ad70bbd,0
2013,2c9cd7cf,0
2014,ae3de8a7,0
2015,a033038f,0
2016,97fed101,0
2017,f603922c,0
2018,d3a8e204,1
2019,233f12b1,1
2020,28e3a2e4,0
2021,d47ef94a,0
2022,8de0bc8c,1
2023,ea9bb38e,1
2024,7300be62,0
2025,3f31061a,0
2026,5f6c6350,1
2027,45269356,0
2028,e5a8b533,0
2029,8b808b61,0
2030,5c1b1983,0
2031,4d1ae9ee,1
2032,ef44d911,0
2033,21472c35,0
2034,0b4683bb,1
2035,e865f644,1
2036,c1ec2720,0
2037,edc69d24,0
2038,e9312d27,0
2039,b0c0aa85,0
2040,4f4cc27a,0
2041,92c11c8b,0
2042,8c1a8234,0
2043,d8cc8dba,0
2044,e2fdbba7,0
2045,6ad4d4bc,1
2046,bfd3c093,1
2047,7b1857a2,1
2048,b8fecd2a,1
2049,69f83b82,1
2050,cf5a75ee,0
2051,eabe97d9,0
2052,7e3feeac,0
2053,8852de10,0
2054,6f18ebeb,0
2055,e788aa77,0
2056,19233a2c,0
2057,be94ad83,1
2058,fbbee61d,1
2059,e3929468,0
2060,d4d72218,0
2061,10df8198,0
2062,27106b53,0
2063,b26e5e57,0
2064,074b6886,0
2065,00fb9ec3,0
2066,dc41516e,0
2067,70d8dc50,0
2068,41330516,1
2069,52cf8a83,0
2070,b2fcb8c4,0
2071,359075e9,0
2072,bb17b2ea,0
2073,63bc4270,1
2074,4a4d30c9,1
2075,6a94bdc2,0
2076,85ed23a0,0
2077,c0bfbabb,0
2078,3addf330,0
2079,75eca926,0
2080,582212e6,1
2081,4a15654a,0
2082,e1f94152,0
2083,e8161c17,0
2084,9ce5e0a0,0
2085,300ce03a,0
2086,00b431e1,0
2087,daf3d8b8,1
2088,436bc195,0
2089,75d80d6e,1
2090,e50385e8,1
2091,9a7c2380,0
2092,16e09e62,1
2093,032a3b71,0
2094,e8bb3e35,0
2095,4cee1125,1
2096,80cee981,0
2097,603783b1,1
2098,c56211b1,0
2099,51079533,0
2100,43f8b9c7,0
2101,546f0135,0
2102,6ead4fc2,0
2103,4c30f92f,1
2104,c2d7cd1b,0
2105,b27a4a7b,1
2106,09a2412b,0
2107,e27b87eb,1
2108,03a880b7,1
2109,b7c1e245,0
2110,88dab590,1
2111,cdb57f71,0
2112,c3bb707b,1
2113,33ed2902,1
2114,5e5f2f9b,0
2115,3ff9c904,1
2116,1b0d28df,0
2117,57832911,1
2118,ab35dd2c,0
2119,d370fdbf,0
2120,8f008838,1
2121,dc27d751,1
2122,eb5bd6b0,0
2123,a26e2f06,0
2124,7b39c43c,0
2125,6d70e871,0
2126,abf307a8,0
2127,dc10ef9b,0
2128,84b3f2c5,0
2129,2e02dde6,0
2130,dec3d509,0
2131,198d936b,0
2132,b93bcbf9,0
2133,568db786,0
2134,bc2991fa,0
2135,3cb8e64a,0
2136,4f139de0,0
2137,3fbe6302,1
2138,92af1f80,0
2139,bf894685,0
2140,cbfcecb2,0
2141,028dce48,0
2142,866121cd,0
2143,617af98f,0
2144,cc793dba,0
2145,7d8df502,1
2146,555511f0,0
2147,23b44def,0
2148,a3c3247b,1
2149,33185667,0
2150,876c8601,0
2151,e686f73b,0
2152,fd40bbcb,1
2153,86575580,1
2154,14724d47,0
2155,fdaf5056,0
2156,02e115ca,1
2157,d0ace637,1
2158,4e2814d4,0
2159,b09ec851,0
2160,5f797a04,1
2161,8e6c5038,1
2162,fe54dc0d,0
2163,34ad598f,1
2164,59ff4492,0
2165,9073147e,1
2166,59ce5291,0
2167,44757630,1
2168,d1df9179,0
2169,54761705,0
2170,37c63487,0
2171,103239d3,0
2172,01114112,0
2173,c9a0557b,1
2174,09b36e00,0
2175,e1a37d4d,0
2176,d53b0fd4,0
2177,eb4f8faa,1
2178,f40d391b,0
2179,178f0cb8,0
2180,f0650134,1
2181,8fa47217,1
2182,825fc1d3,1
2183,b8354b09,0
2184,26716ac8,0
2185,06ef91ba,0
2186,69abc40f,0
2187,5bee3e15,0
2188,bd6be3e0,0
2189,25346f55,0
2190,259e579c,0
2191,25bcfbae,0
2192,82dd6ba7,0
2193,de50a8fa,0
2194,233bf82e,0
2195,d8574a6a,0
2196,30808bc2,0
2197,3df31792,0
2198,c3adabf2,0
2199,2f7be57e,0
2200,9b0b9b55,0
2201,800bb0de,0
2202,a00863f6,1
2203,6e94f938,1
2204,bc55672f,0
2205,1d9dd177,0
2206,6a91d74b,1
2207,46742355,0
2208,afd6a115,0
2209,2c902c54,0
2210,1903d498,1
2211,754ed148,1
2212,5deda957,1
2213,65d0cc76,1
2214,d1ecc530,0
2215,febc9b1a,1
2216,3214f211,0
2217,70efbb7e,1
2218,c44558e9,0
2219,f1a4bce1,0
2220,d1862b54,0
2221,2aac2610,0
2222,2ceaae37,1
2223,ebddf167,0
2224,f1e3a9f2,0
2225,e6deb97d,0
2226,084fff6a,1
2227,2c6334ae,0
2228,198bc2a8,0
2229,d14cef36,0
2230,4a7b4752,0
2231,92b37f9d,0
2232,d0f1defc,0
2233,4872d06e,0
2234,0c270a7a,0
2235,3a4a0460,0
2236,39d24851,0
2237,4f8d40a5,0
2238,b9daf03d,0
2239,d49e231b,0
2240,acce1184,0
2241,a330b60a,0
2242,978d19c6,1
2243,9302b063,0
2244,c8ac58c7,1
2245,4a29a064,0
2246,6fb2476f,0
2247,03122842,0
2248,ee5193ec,0
2249,9051cc4c,0
2250,c7e581d7,0
2251,f23cf28d,0
2252,d8f0a8af,0
2253,ddca7e99,0
2254,895a720e,0
2255,264f450a,0
2256,c7d2afde,0
2257,87b259d4,0
2258,432d5751,0
2259,477ed4c2,0
2260,4ee7aceb,0
2261,c7777938,1
2262,7ad8ee3a,0
2263,bf99b5b5,0
2264,bed337d2,0
2265,b115b516,1
2266,2c8d4fcd,1
2267,9d83f9de,0
2268,04c56c75,1
2269,5d99e520,1
2270,17e5f9d4,1
2271,10f5e28a,0
2272,171cfd2a,0
2273,6b899651,1
2274,15bbc2d4,0
2275,7cac2cac,0
2276,9c154214,0
2277,81920431,0
2278,1661039c,1
2279,b35a6bca,1
2280,6f955158,0
2281,fac18ef9,0
2282,3e6f3b8f,0
2283,3f6dceae,0
2284,c81cbd85,1
2285,b33b7ea7,0
2286,aa63a553,1
2287,99b484a7,0
2288,8687600d,1
2289,e6de8a00,1
2290,e3aeffae,0
2291,84946126,0
2292,713bf8fc,0
2293,b83ff7ad,1
2294,57f583e7,1
2295,a6c4102e,0
2296,eac84ff5,1
2297,6172e54d,0
2298,1463a018,1
2299,32ab765b,0
2300,cf772921,1
2301,18511d1f,1
2302,be44a92b,0
2303,3da30622,0
2304,fc5ea224,0
2305,4831790e,0
2306,ee2649d5,0
2307,e62aa355,0
2308,8ef357d7,1
2309,349afca9,0
2310,4def6ec7,0
2311,d1bb267f,0
2312,15f72615,0
2313,a5eddadb,0
2314,7810cdde,1
2315,095b52de,1
2316,a0cff7ba,1
2317,53b9f7a0,0
2318,c728687e,0
2319,4cb70418,0
2320,9d52ba71,1
2321,50078293,0
2322,f01aec1b,1
2323,19352e29,1
2324,cc404b94,0
2325,3ff0b003,0
2326,6d2fcef1,0
2327,73698313,0
2328,68be330a,0
2329,a6322eb9,0
2330,f968cbb1,0
2331,a2bc94c7,0
2332,651ba552,0
2333,c011d64b,0
2334,573ef042,0
2335,a4f1c4ee,1
2336,3db5a6d1,0
2337,f4d9b71f,1
2338,9813c58d,1
2339,611dddaf,1
2340,ef49b917,0
2341,4f9fbaef,0
2342,10af2bce,1
2343,f57ccdbf,0
2344,1a14747d,0
2345,45dbc02f,1
2346,f6984d92,0
2347,82883211,0
2348,ceb19b39,0
2349,8836d5d6,0
2350,a0b0836e,0
2351,19d58971,1
2352,eb39388b,0
2353,908237e2,0
2354,b9e28bca,1
2355,42e85118,1
2356,fe080577,0
2357,15e54b09,0
2358,6655a757,1
2359,026b0637,1
2360,63f59bdf,0
2361,e962e496,1
2362,dce705e3,0
2363,c745c294,1
2364,f74ddb3b,0
2365,a002b615,0
2366,73f91292,1
2367,bd8e7f9a,0
2368,3d99ee14,0
2369,da31ac52,1
2370,ee4e23ba,0
2371,0cbe775c,0
2372,07cb5c3e,0
2373,1723459b,0
2374,e8dd87cb,1
2375,648129a3,0
2376,38240138,1
2377,90ccdf42,0
2378,a519acee,0
2379,593357d9,0
2380,e5495a53,1
2381,ddfd2918,0
2382,5ef20bfa,0
2383,54e4548e,0
2384,07b08b6b,0
2385,a09d35b5,1
2386,84c93faa,0
2387,80204e16,0
2388,630135a5,0
2389,3b069e45,1
2390,0ea24214,1
2391,5ac0740d,0
2392,9ee05bcb,0
2393,2c8db47d,0
2394,117f91c9,0
2395,e8e14b43,1
2396,62dafe1d,1
2397,78025850,0
2398,def21a95,1
2399,ccff1292,0
2400,f1037931,1
2401,ad39cf1f,0
2402,bfa153b6,0
2403,1bb33e58,0
2404,cf2635ac,1
2405,0005d6f3,0
2406,73364093,1
2407,2863f0b7,1
2408,73147bc6,0
2409,b27e6914,0
2410,02a88854,1
2411,a7573cfb,0
2412,246bd7db,0
2413,94951274,0
2414,fb7a9d54,0
2415,37483749,1
2416,270b5e67,0
2417,6b98f58c,0
2418,4d44a9dc,1
2419,2c3f2efb,0
2420,1c4ed4ed,1
2421,fa8f234b,0
2422,92ff019d,0
2423,8a62b4a9,1
2424,ff08e481,0
2425,d93327a0,0
2426,095af2ed,1
2427,e6f88225,0
2428,47453715,1
2429,f41ef334,0
2430,ce3dccdf,1
2431,2d71fd21,0
2432,e7e51cef,0
2433,77eb52b0,0
2434,7d255041,1
2435,1bb6a662,0
2436,d03143d2,0
2437,403465e9,0
2438,238ab5c2,0
2439,bd7b3261,0
2440,c71af7ad,0
2441,7c8a2870,1
2442,749e49a2,1
2443,016f1e3b,0
2444,63a65714,0
2445,1d628211,1
2446,6b481693,0
2447,5ed9eacb,0
2448,eb7829f1,1
2449,1a6d15ce,0
2450,6d42e110,0
2451,0d6da340,0
2452,8ecb9f98,0
2453,ae762a7b,0
2454,f6f3d38c,0
2455,0a476ecb,1
2456,7f4df866,0
2457,9018acbc,1
2458,4ddae956,0
2459,4a7162d5,0
2460,362fd39e,0
2461,f30c75e6,0
2462,4b94d8d5,0
2463,d0965361,1
2464,8aa8ea2c,0
2465,eb01ea2d,1
2466,807fede6,1
2467,232c4d5d,0
2468,09a234ff,1
2469,8879ec7b,0
2470,c82f7f22,0
2471,d1ff9bbc,1
2472,6477b931,1
2473,2a67557d,0
2474,c43b4d79,0
2475,f16fa425,0
2476,17dc53ab,1
2477,3bb8d132,0
2478,8c9813a4,0
2479,f0e99124,1
2480,445414ed,0
2481,385b92c0,0
2482,4a7a23f5,0
2483,986187b3,0
2484,00e70607,1
2485,3b2907d5,0
2486,7463d29e,1
2487,fcfcd11e,0
2488,2fb567a0,1
2489,114eccc9,0
2490,6073780b,1
2491,43dc6306,0
2492,b29d4927,0
2493,fe40fd36,0
2494,d530e15a,0
2495,2c3909f7,0
2496,7dcdfa09,1
2497,2450fb59,0
2498,60b84dfd,1
2499,d56c6007,0
2500,3be7ffab,0
2501,72146a6a,0
2502,5cd98e3d,0
2503,14c11577,1
2504,f34b1339,0
2505,1aecfb9f,1
2506,a958b171,0
2507,c00b70cf,0
2508,87fafb0e,1
2509,4cdbf7f2,1
2510,0f28bd04,1
2511,ab60ef6d,0
2512,7a028197,1
2513,7a02817b,0
2514,e6183e64,1
2515,666d21dd,0
2516,185bd51f,0
2517,b0a7ada6,1
2518,26c4319b,1
2519,ddae1d5a,1
2520,1cb51638,1
2521,71971b09,1
2522,d24a28d1,0
2523,02d91589,0
2524,667c16f6,0
2525,46d9e498,1
2526,babc09a7,0
2527,597ab987,0
2528,cce47d0f,0
2529,196ff569,0
2530,63dcb65b,0
2531,8fd92f5d,1
2532,609fef0b,0
2533,58f798c8,1
2534,7c98594f,0
2535,ccd4490b,0
2536,cdd25d30,0
2537,482c0427,0
2538,eebe2307,0
2539,593189d7,1
2540,75da81e9,1
2541,8c7d5aed,0
2542,924412ea,0
2543,6538cdd1,0
2544,8c30cbbe,1
2545,a1e91122,0
2546,563ecea0,0
2547,e71a47df,0
2548,adc90918,0
2549,6d339a4c,1
2550,4cad3f85,0
2551,dc2d334d,1
2552,a30b9052,0
2553,cf5a777e,0
2554,056ee6d0,0
2555,08bdd3b1,1
2556,41e08894,0
2557,c5f1ef28,0
2558,e3bcfaa2,0
2559,45cfcf8e,0
2560,d5067331,0
2561,15c75223,0
2562,c5fb10ed,0
2563,2796637b,1
2564,10405058,0
2565,a4cb86df,1
2566,f40830d9,0
2567,05330b0b,0
2568,9acb02e7,0
2569,bac8037d,0
2570,e7c14096,0
2571,abbd48f9,0
2572,4de59f07,1
2573,2b4bba84,0
2574,a37041fc,0
2575,89fbb20f,1
2576,2e4c158a,0
2577,35036cb3,1
2578,a5e5bfe8,0
2579,a8cc44f4,0
2580,c8372b08,0
2581,c5373bb8,0
2582,7b7c2203,1
2583,90611e76,1
2584,46114a3d,1
2585,2c58546b,0
2586,e3ae443f,1
2587,9a4e7073,0
2588,821d5507,0
2589,9214b409,1
2590,f1415fa9,0
2591,2f750f70,1
2592,fd52198a,0
2593,7ebe3720,1
2594,38a258d2,0
2595,40377b17,1
2596,c7ddfe18,0
2597,8a5bed10,0
2598,a9be1afa,1
2599,ecd48fcd,1
2600,3f61eb08,0
2601,685ddd04,0
2602,366a854a,0
2603,f07b4909,0
2604,66362346,1
2605,c772aab4,0
2606,39cc2f42,0
2607,0c8bf618,0
2608,ac11a4ee,0
2609,f7f730cc,0
2610,c304dd20,0
2611,71c35f3f,1
2612,a46c6e42,1
2613,539d2626,0
2614,6acb57a0,0
2615,1979cac3,0
2616,bdf0a1b6,1
2617,ebd7e687,1
2618,7951d8d4,0
2619,f5c623a2,1
2620,b3b46487,1
2621,b1d65265,0
2622,9dee7f63,0
2623,02966c58,0
2624,a0d230a9,1
2625,a53726c8,1
2626,848748da,0
2627,4a13bae0,0
2628,58110b2b,1
2629,e776aa6b,0
2630,be02db2c,0
2631,4e5ddf7d,1
2632,276c3bbc,1
2633,b22cd48c,1
2634,37cfb5ce,1
2635,73ab7eb2,1
2636,0725d513,1
2637,01baf68c,0
2638,d21271e8,0
2639,35b60d6d,0
2640,05cf0231,0
2641,c89e8de7,0
2642,280c3ff2,1
2643,4a57b277,0
2644,5d6d680e,0
2645,d6a96f14,0
2646,4e81e63a,0
2647,94faba9a,0
2648,55862369,0
2649,63336684,0
2650,5b213b1c,1
2651,b2a2f13d,0
2652,c12970bf,1
2653,80184d4b,0
2654,23308eff,1
2655,90e55742,0
2656,20916092,0
2657,6e848013,0
2658,36d005a6,0
2659,524d58a4,1
2660,d5de4f5b,0
2661,ed50a787,0
2662,2259f1ff,0
2663,867ff703,1
2664,da38e381,0
2665,008ba640,0
2666,9c0f09cc,0
2667,38b1a6b0,0
2668,5b78c0c1,0
2669,8575e7fb,1
2670,341b8ef1,0
2671,e5931351,1
2672,aff53b01,0
2673,e1ff6f8f,0
2674,c97ca399,0
2675,ee346a01,0
2676,a7f8fefb,1
2677,46b6c97d,1
2678,fdfac931,0
2679,91126945,0
2680,fa7823d3,0
2681,384891d3,1
2682,ec22879f,0
2683,bf7b2e51,0
2684,37275108,1
2685,f3516910,0
2686,1e7b34c6,0
2687,ea1148ff,1
2688,c66ffd44,1
2689,bbbe186c,0
2690,e7c5cb0f,1
2691,edf718b5,0
2692,f7ad0994,1
2693,b93ebf9b,0
2694,2ea9b5ca,1
2695,6e985980,1
2696,3769ef42,1
2697,9032a170,1
2698,6cadae22,0
2699,19037f05,0
2700,359e4a45,1
2701,c9f2b404,1
2702,55e915da,1
2703,48227c74,0
2704,cc2c131d,0
2705,be3ddae2,0
2706,30990ea9,1
2707,32557c0a,0
2708,ffb24180,1
2709,be632ae4,0
2710,44fa509c,1
2711,1af10d6f,0
2712,b7d5ee34,1
2713,95a69d4a,0
2714,cbced95c,0
2715,6bc87c41,0
2716,6a0fa73b,0
2717,f1a9da56,0
2718,f4e9f852,0
2719,2a9ac8eb,0
2720,8fcaf34d,0
2721,b75c8a2b,0
2722,208afacb,0
2723,1a206944,0
2724,fcc45d75,0
2725,5ca83157,1
2726,68fc4c6a,0
2727,2cefb415,0
2728,7d869b91,0
2729,3715e6f1,1
2730,f9e3d47c,0
2731,6da44280,0
2732,7494c7e7,0
2733,0b0413d0,0
2734,0b80b8db,1
2735,a112bc36,1
2736,b25df096,1
2737,422a41f9,0
2738,8bc297c4,0
2739,9a58eb6b,0
2740,ce71b037,0
2741,2202cd2c,0
2742,f92e152c,0
2743,d7d38622,0
2744,e2d5a93a,0
2745,ded731b4,0
2746,827d263e,0
2747,74ba83f8,0
2748,f517280c,0
2749,1dfce3ba,0
2750,3914c6a1,1
2751,afced0c3,0
2752,5a318170,0
2753,67ac4f28,0
2754,e005e7b5,1
2755,7fb179b9,0
2756,88212d99,1
2757,d949116d,0
2758,7f52d940,0
2759,e8a801bf,0
2760,f04b7402,1
2761,8459c7a7,0
2762,8cff1aa1,0
2763,c2b73ebd,0
2764,82617152,0
2765,3761ba66,0
2766,e20e8af0,0
2767,59231f6f,1
2768,4ea73e2b,0
2769,7ac64830,1
2770,011f6543,1
2771,89fc20aa,0
2772,3f46a000,0
2773,19846443,0
2774,d4c37d5a,1
2775,4daf0d30,0
2776,b4e19ba8,0
2777,fff77e11,1
2778,a3a88d7c,0
2779,b9fd9d6e,1
2780,760d3e9d,1
2781,c176097e,0
2782,5d5e98a8,0
2783,448eddb2,0
2784,c0177afe,0
2785,3000da80,0
2786,b4d34d62,0
2787,c4dace4f,0
2788,8c66d388,1
2789,d1ba1329,1
2790,df492343,1
2791,742b2f01,0
2792,a4255aae,0
2793,42e5fca4,0
2794,e154dfba,1
2795,77fd660a,0
2796,0a20ada0,0
2797,35bf0fc0,0
2798,23b19477,0
2799,595a461c,0
2800,0bc07514,0
2801,9f8827e5,0
2802,771e48f9,0
2803,a6a4bc9d,0
2804,396c7b9b,0
2805,a5529703,0
2806,2b3ead3c,0
2807,35d52d36,0
2808,b50af4a2,0
2809,81587270,0
2810,e73282c5,1
2811,6beb03eb,1
2812,d08be85a,0
2813,1193143d,1
2814,a6f719df,0
2815,aea397cd,0
2816,a42f5454,1
2817,ad8a7711,1
2818,eb3b7670,1
2819,b7fa63d4,0
2820,5b8b4c19,0
2821,8e0beebe,0
2822,15628a99,1
2823,ca46e2bd,0
2824,39868deb,1
2825,8766368c,0
2826,eb9a92a1,0
2827,95d65b05,1
2828,a46e8a24,0
2829,30e05318,1
2830,b9bf1421,0
2831,2e85baf1,0
2832,1e0e6b4e,1
2833,b66c5fee,1
2834,f53ffa14,1
2835,f143f549,0
2836,d404f001,0
2837,e1773ff7,1
2838,02487a36,0
2839,0af41ece,1
2840,98366d40,0
2841,f6f19fc8,0
2842,f1d29e1d,1
2843,099e4c17,1
2844,3977c511,0
2845,17090a44,1
2846,19e40adf,1
2847,52d5bc8d,1
2848,f708121b,1
2849,f008715d,1
2850,36b81f59,1
